ï»¿id|name|type|edition|version|errata_date|errata_link|
000000285|Boarding Actions|Expansion|10|1.1|09.07.2025 0:00:00|https://assets.warhammer-community.com/eng_09-07_warhammer40000_other_rules_boarding_actions_companion-hyatd8cog7-wpqvdzf1mt.pdf|
000000166|Balance Dataslate|Rulebook|10|3.3|07.01.2026 0:00:00|https://assets.warhammer-community.com/eng_07-01_warhammer_40000_core_rules_balance_dataslate-apvctstyr0-8etzbxgbhh.pdf|
000000233|Munitorum Field Manual|Expansion|10|3.8|07.01.2026 0:00:00|https://assets.warhammer-community.com/eng_07-01_warhammer_40000_core_rules_munitorum_field_manual-foyrvzepji-l3iqvqilei.pdf|
000000259|Imperial Agents|Faction Pack|10|1.2|12.11.2025 0:00:00|https://assets.warhammer-community.com/eng_12-11_wh40k_faction_pack_imperial_agents-knrarjdsgi-w9pj7gfqly.pdf|
000000016|Astra Militarum|Faction Pack|10|1.2|07.01.2026 0:00:00|https://assets.warhammer-community.com/eng_07-01_warhammer_40000_faction_pack_astra_militarum-qvx2k7bxqn-fywelavi4a.pdf|
000000053|Genestealer Cults|Faction Pack|10|1.0|22.10.2025 0:00:00|https://assets.warhammer-community.com/eng_22-10_warhammer40000_faction_pack_genestealer_cults-qytbcd1u66-tch87rzd76.pdf|
000000029|Necrons|Faction Pack|10|1.2|07.01.2026 0:00:00|https://assets.warhammer-community.com/eng_07-01_warhammer_40000_faction_pack_necrons-wgehvvo84t-ijjxadnsk6.pdf|
000000186|Aeldari|Faction Pack|10|1.1|08.12.2025 0:00:00|https://assets.warhammer-community.com/eng_8-12_wh40k_faction_pack_aeldari-myegu0tol8-jrckmom64e.pdf|
000000270|Adeptus Titanicus (Forge World)|Faction Pack|10|1.0|08.10.2025 0:00:00|https://assets.warhammer-community.com/eng_08-10_warhammer40000_faction_pack_adeptus_titanicus-ovucwiw1o6-jmk9dpdulj.pdf|
000000046|Orks|Faction Pack|10|1.0|22.10.2025 0:00:00|https://assets.warhammer-community.com/eng_22-10_warhammer40000_faction_pack_orks-loiadww1to-milklk2d5c.pdf|
000000271|Legends: Unaligned Forces|Datasheet|10||17.09.2024 0:00:00|https://assets.warhammer-community.com/warhammer40000_legends_unaligned_eng_24.09-5ssd1gtiok.pdf|
000000235|Legends Field Manual|Expansion|10|2.1|12.03.2025 0:00:00|https://assets.warhammer-community.com/eng_warhammer40000_legends_field_manual_march_2025-uvwunjcopz-uo7n0c9fuk.pdf|
000000013|Grey Knights|Faction Pack|10|1.0|22.10.2025 0:00:00|https://assets.warhammer-community.com/eng_22-10_warhammer40000_faction_pack_grey_knights-zqnts28ptt-zsxdvbmvik.pdf|
000000028|Tâau Empire|Faction Pack|10|1.1|12.11.2025 0:00:00|https://assets.warhammer-community.com/eng_12-11_wh40k_faction_pack_tau_empire-kfbfzu33ut-6jpiayfmhl.pdf|
000000203|Leagues of Votann|Faction Pack|10|1.0|22.10.2025 0:00:00|https://assets.warhammer-community.com/eng_22-10_warhammer40000_faction_pack_leagues_of_votann-g6kjw9qmly-n8grk51p4g.pdf|
000000015|Adeptus Mechanicus|Faction Pack|10|1.0|08.10.2025 0:00:00|https://assets.warhammer-community.com/eng_08-10_warhammer40000_faction_pack_adeptus_mechanicus-8exwkk773l-yaf5xu2lvr.pdf|
000000027|Thousand Sons|Faction Pack|10|1.0|08.10.2025 0:00:00|https://assets.warhammer-community.com/eng_08-10_warhammer40000_faction_pack_thousand_sons-c4rppmo6ey-42f0pdj2xt.pdf|
000000014|Death Guard|Faction Pack|10|1.0|08.10.2025 0:00:00|https://assets.warhammer-community.com/eng_08-10_warhammer40000_faction_pack_death_guard-q6ymklgmjr-qnqozce7k2.pdf|
000000280|Emperorâs Children|Faction Pack|10|1.2|07.01.2026 0:00:00|https://assets.warhammer-community.com/eng_07-01_warhammer_40000_faction_pack_emperor_s_children-8jzbvhie4l-1o2td8k9zv.pdf|
000000210|World Eaters|Faction Pack|10|1.0|08.10.2025 0:00:00|https://assets.warhammer-community.com/eng_08-10_warhammer40000_faction_pack_world_eaters-qg2v2u0e9j-gtdhmqzchj.pdf|
000000070|Chaos Knights|Faction Pack|10|1.0|08.10.2025 0:00:00|https://assets.warhammer-community.com/eng_08-10_warhammer40000_faction_pack_chaos_knights-ikb0qfhxks-50tfi0mtbm.pdf|
000000025|Chaos Daemons|Faction Pack|10|1.1|10.12.2025 0:00:00|https://assets.warhammer-community.com/eng_10-12_wh40k_faction_pack_chaos_daemons-o4zman18oy-fz13htfitp.pdf|
000000034|Imperial Knights|Faction Pack|10|1.1|10.12.2025 0:00:00|https://assets.warhammer-community.com/eng_10-12_wh40k_faction_pack_imperial_knights-jhq8vhepvw-shkwjunejq.pdf|
000000139|Space Marines|Faction Pack|10|1.4|07.01.2026 0:00:00|https://assets.warhammer-community.com/eng_07-01_warhammer_40000_faction_pack_space_marines-9ps9uold3v-zei03cythi.pdf|
000000020|Tyranids|Faction Pack|10|1.1|07.01.2026 0:00:00|https://assets.warhammer-community.com/eng_07-01_warhammer_40000_faction_pack_tyranids-6a23k8tkwy-5lydlikkxp.pdf|
000000024|Adeptus Custodes|Faction Pack|10|1.0|22.10.2025 0:00:00|https://assets.warhammer-community.com/eng_22-10_warhammer40000_faction_pack_adeptus_custodes-istx2ftigx-kpxm1aho6e.pdf|
000000112|Adepta Sororitas|Faction Pack|10|1.1|07.01.2026 0:00:00|https://assets.warhammer-community.com/eng_07-01_warhammer_40000_faction_pack_adepta_sororitas-5cwwgh20xo-hjbnotutnt.pdf|
000000012|Chaos Space Marines|Faction Pack|10|1.2|07.01.2026 0:00:00|https://assets.warhammer-community.com/eng_07-01_warhammer_40000_faction_pack_chaos_space_marines-2khifxospj-ohzo6rfaw7.pdf|
000000031|Drukhari|Faction Pack|10|1.1|22.10.2025 0:00:00|https://assets.warhammer-community.com/eng_22-10_wh40k_faction-pack_drukhari-6uxdycfi7j-maudf7cqmp.pdf|
000000100|Legends: Tyranids|Datasheet|10||17.09.2024 0:00:00|https://assets.warhammer-community.com/warhammer40000_legends_tyranids_eng_24.09-zhzcfdwafm.pdf|
000000379|Tyranids (Warhammer Legends)|Faction Pack|0||01.01.0001 0:00:00||
000000162|Black Templars|Faction Pack|10|1.1|22.10.2025 0:00:00|https://assets.warhammer-community.com/eng_22-10_warhammer40000_faction_pack_black_templars-ycacnrihzp-ybeyjrio3d.pdf|
000000356|Space Marines (Warhammer Legends)|Faction Pack|0||01.01.0001 0:00:00||
000000366|Aeldari (Warhammer Legends)|Faction Pack|0||01.01.0001 0:00:00||
000000367|Aeldari (Forge World)|Faction Pack|0||01.01.0001 0:00:00||
000000363|Imperial Agents (Warhammer Legends)|Faction Pack|0||01.01.0001 0:00:00||
000000383|Genestealer Cults (Warhammer Legends)|Faction Pack|0||01.01.0001 0:00:00||
000000384|Drukhari (Warhammer Legends)|Faction Pack|0||01.01.0001 0:00:00||
000000380|Tyranids (Forge World)|Faction Pack|0||01.01.0001 0:00:00||
000000362|Space Marines (Forge World)|Faction Pack|0||01.01.0001 0:00:00||
000000355|Chaos Space Marines (Warhammer Legends)|Faction Pack|0||01.01.0001 0:00:00||
000000378|Orks (Forge World)|Faction Pack|0||01.01.0001 0:00:00||
000000377|Orks (Warhammer Legends)|Faction Pack|0||01.01.0001 0:00:00||
000000359|Necrons (Forge World)|Faction Pack|0||01.01.0001 0:00:00||
000000358|Necrons (Warhammer Legends)|Faction Pack|0||01.01.0001 0:00:00||
000000376|Blood Angels (Warhammer Legends)|Faction Pack|0||01.01.0001 0:00:00||
000000375|Astra Militarum (Forge World)|Faction Pack|0||01.01.0001 0:00:00||
000000374|Astra Militarum (Warhammer Legends)|Faction Pack|0||01.01.0001 0:00:00||
000000371|Adeptus Mechanicus (Warhammer Legends)|Faction Pack|0||01.01.0001 0:00:00||
000000354|Adeptus Custodes (Forge World)|Faction Pack|0||01.01.0001 0:00:00||
000000368|Death Guard (Warhammer Legends)|Faction Pack|0||01.01.0001 0:00:00||
000000357|Chaos Daemons (Warhammer Legends)|Faction Pack|0||01.01.0001 0:00:00||
000000382|Tâau Empire (Forge World)|Faction Pack|0||01.01.0001 0:00:00||
000000381|Tâau Empire (Warhammer Legends)|Faction Pack|0||01.01.0001 0:00:00||
000000365|Grey Knights (Forge World)|Faction Pack|0||01.01.0001 0:00:00||
000000364|Grey Knights (Warhammer Legends)|Faction Pack|0||01.01.0001 0:00:00||
000000370|Imperial Knights (Forge World)|Faction Pack|0||01.01.0001 0:00:00||
000000353|Adepta Sororitas (Warhammer Legends)|Faction Pack|0||01.01.0001 0:00:00||
000000369|Chaos Knights (Forge World)|Faction Pack|0||01.01.0001 0:00:00||
000000360|Space Wolves (Warhammer Legends)|Faction Pack|0||01.01.0001 0:00:00||
000000287|Legends: Ultramarines|Datasheet|10||17.09.2024 0:00:00|https://assets.warhammer-community.com/warhammer40000_legends_ultramarines_eng_24.09-2yceq0oswk.pdf|
000000023|Dark Angels|Faction Pack|10|1.0|08.10.2025 0:00:00|https://assets.warhammer-community.com/eng_08-10_warhammer40000_faction_pack_dark_angels-0arksfusu7-omyedadlas.pdf|
000000021|Blood Angels|Faction Pack|10|1.1|07.12.2025 0:00:00|https://assets.warhammer-community.com/eng_7-12_wh40k_faction_pack_blood_angels-hpaptywczw-czi18baub9.pdf|
000000036|Space Wolves|Faction Pack|10|1.2|10.12.2025 0:00:00|https://assets.warhammer-community.com/eng_10-12_wh40k_faction_pack_space_wolves-a4cmfwecry-2pqnq2mppi.pdf|
000000335|Death Korps of Krieg|Expansion|10||23.04.2025 0:00:00|https://assets.warhammer-community.com/eng_23-04_warhammer40000_other_rules_astra_militarum_death_korp_of_krieg_datasheet-w4jezt0twq-hdnqb0dxdf.pdf|
000000373|Dark Angels (Warhammer Legends)|Faction Pack|0||01.01.0001 0:00:00||
000000035|Deathwatch|Faction Pack|10|1.2|12.11.2025 0:00:00|https://assets.warhammer-community.com/eng_12-11_wh40k_faction_pack_deathwatch-fln838xhgr-j2ypjxdmqj.pdf|
000000372|Black Templars (Warhammer Legends)|Faction Pack|0||01.01.0001 0:00:00||
000000385|Warhammer 40,000: Dawn of War â Onslaught|Boxset|10||01.07.2025 0:00:00||
000000386|Da Red Gobboâs Tinboy (Warhammer Legends)|Datasheet|10||01.10.2025 0:00:00||
